orderId,orderDate,customerId,billingAddress,shippingAddress,units,amount,remarks
1,3/13/2019,3,Hassan,Chennai,17,4996,Wonderful Services
2,8/7/2019,8,Hassan,New Delhi,20,4381,I should never buy this product
3,8/5/2019,22,Mysore,Bangalore,28,3114,Dont even think about this in the next life
4,3/31/2019,24,Gulbarga,New Delhi,47,4568,Wonderful Services
5,5/27/2019,3,Bangalore,Mumbai,21,2720,Dont even think about this in the next life
6,4/29/2019,9,Hassan,Mumbai,13,4727,Great Service
7,1/6/2019,19,Bangalore,Bangalore,24,1551,Wonderful Services
8,8/18/2019,18,Belgaum,Trivandrum,10,3931,Wonderful Services
9,3/6/2019,20,Hassan,Chennai,22,2004,I should never buy this product
10,8/15/2019,20,Belgaum,Chennai,10,3068,Great Service
11,10/9/2018,11,Belgaum,Hyderabad,41,3344,I should never buy this product
12,6/24/2019,4,Gulbarga,New Delhi,19,2498,Great Service
13,6/1/2019,25,Mysore,Mumbai,31,3805,I should never buy this product
14,6/14/2019,19,Bangalore,Trivandrum,10,2210,Great Service
15,3/15/2019,7,Gulbarga,Bangalore,28,2390,Great Service
16,7/28/2019,3,Bellary,Chennai,29,2425,I should never buy this product
17,3/14/2019,9,Gulbarga,Chennai,10,3840,Dont even think about this in the next life
18,4/26/2019,20,Belgaum,Bangalore,26,4387,Wonderful Services
19,10/23/2018,7,Bangalore,Trivandrum,45,1795,Wonderful Services
20,11/24/2018,12,Bellary,Mumbai,46,3842,Awesome Product
21,7/4/2019,3,Bellary,Mumbai,14,3190,Awesome Product
22,6/3/2019,9,Belgaum,Mumbai,17,2564,Wonderful Services
23,5/16/2019,21,Bellary,Trivandrum,42,3448,I should never buy this product
24,3/10/2019,2,Bellary,Trivandrum,29,4043,Wonderful Services
25,12/9/2018,15,Hassan,Trivandrum,12,4754,Great Service
26,12/24/2018,8,Bangalore,Trivandrum,50,1470,Great Service
27,11/29/2018,10,Mysore,Chennai,31,2064,Dont even think about this in the next life
28,9/2/2019,14,Belgaum,Hyderabad,19,4315,Great Service
29,2/11/2019,3,Bellary,Trivandrum,25,3602,Awesome Product
30,2/2/2019,20,Bangalore,New Delhi,22,4166,I should never buy this product
31,3/5/2019,19,Mysore,Hyderabad,49,1947,Awesome Product
32,9/30/2018,15,Gulbarga,Bangalore,42,3616,Dont even think about this in the next life
33,10/16/2018,25,Gulbarga,Mumbai,38,3703,Awesome Product
34,8/12/2019,17,Gulbarga,Mumbai,29,1283,Great Service
35,3/5/2019,12,Gulbarga,New Delhi,28,1783,Dont even think about this in the next life
36,10/5/2018,6,Gulbarga,New Delhi,19,3833,Awesome Product
37,8/16/2019,11,Hassan,Trivandrum,23,3303,I should never buy this product
38,12/24/2018,12,Gulbarga,Bangalore,46,1746,I should never buy this product
39,1/14/2019,17,Mysore,Chennai,18,2893,Wonderful Services
40,3/3/2019,12,Gulbarga,New Delhi,31,4945,Great Service
41,11/14/2018,10,Bellary,New Delhi,33,2462,Wonderful Services
42,6/16/2019,10,Bangalore,Chennai,14,2230,Awesome Product
43,2/15/2019,20,Mysore,New Delhi,24,2228,Awesome Product
44,1/7/2019,5,Belgaum,Trivandrum,50,1373,I should never buy this product
45,6/5/2019,22,Gulbarga,Bangalore,20,3647,I should never buy this product
46,10/16/2018,14,Gulbarga,Trivandrum,32,2617,Wonderful Services
47,5/18/2019,4,Bellary,Mumbai,16,2706,I should never buy this product
48,3/24/2019,20,Bellary,Chennai,49,3582,Wonderful Services
49,7/3/2019,12,Bangalore,Mumbai,23,4982,Awesome Product
50,11/19/2018,7,Bellary,Mumbai,19,1686,Wonderful Services
51,3/22/2019,22,Bangalore,Hyderabad,15,1227,Dont even think about this in the next life
52,6/24/2019,12,Mysore,Chennai,10,2149,Dont even think about this in the next life
53,10/26/2018,17,Bangalore,Chennai,29,1671,Wonderful Services
54,9/25/2018,8,Gulbarga,Chennai,45,1463,Wonderful Services
55,10/26/2018,12,Bangalore,Bangalore,44,2629,Dont even think about this in the next life
56,2/23/2019,17,Belgaum,New Delhi,49,3884,Great Service
57,2/14/2019,21,Bangalore,New Delhi,10,4702,Dont even think about this in the next life
58,4/30/2019,3,Bangalore,Bangalore,20,3962,I should never buy this product
59,9/8/2019,12,Mysore,Mumbai,40,2021,Awesome Product
60,11/1/2018,11,Mysore,Chennai,16,4823,Dont even think about this in the next life
61,11/22/2018,11,Bellary,Bangalore,28,2367,Wonderful Services
62,8/26/2019,4,Bangalore,Hyderabad,31,4256,Dont even think about this in the next life
63,5/13/2019,21,Gulbarga,Hyderabad,49,2429,I should never buy this product
64,3/26/2019,15,Gulbarga,Trivandrum,42,3986,Wonderful Services
65,4/22/2019,19,Bellary,New Delhi,22,4677,Great Service
66,5/7/2019,9,Hassan,Chennai,36,3032,Dont even think about this in the next life
67,7/2/2019,23,Gulbarga,Mumbai,34,1140,Awesome Product
68,12/3/2018,21,Gulbarga,Bangalore,22,2938,Dont even think about this in the next life
69,6/29/2019,22,Bangalore,Chennai,34,2905,Dont even think about this in the next life
70,5/3/2019,5,Gulbarga,Mumbai,33,1070,I should never buy this product
71,7/12/2019,15,Mysore,Chennai,14,1304,Great Service
72,6/2/2019,24,Hassan,Chennai,49,4007,Dont even think about this in the next life
73,11/23/2018,13,Belgaum,Trivandrum,43,4870,Dont even think about this in the next life
74,7/16/2019,14,Bangalore,Bangalore,37,4798,Great Service
75,4/6/2019,11,Hassan,Mumbai,44,1842,Wonderful Services
76,7/5/2019,22,Bangalore,New Delhi,31,3389,I should never buy this product
77,7/8/2019,21,Mysore,Trivandrum,46,4779,Awesome Product
78,6/26/2019,19,Bangalore,Hyderabad,15,2248,I should never buy this product
79,7/21/2019,8,Bellary,Hyderabad,24,2659,I should never buy this product
80,10/26/2018,5,Bangalore,Bangalore,10,4495,Wonderful Services
81,10/28/2018,25,Bangalore,Chennai,36,2460,Wonderful Services
82,5/21/2019,10,Hassan,Hyderabad,27,2817,Wonderful Services
83,5/27/2019,21,Bangalore,Chennai,15,1337,Great Service
84,6/21/2019,16,Bellary,New Delhi,39,3842,Wonderful Services
85,10/30/2018,23,Bellary,Chennai,17,3840,Great Service
86,2/18/2019,7,Bellary,Mumbai,32,4512,Awesome Product
87,5/29/2019,1,Mysore,Mumbai,42,2825,Dont even think about this in the next life
88,12/26/2018,7,Hassan,New Delhi,32,1497,Awesome Product
89,7/31/2019,15,Bangalore,Mumbai,28,3558,Great Service
90,12/2/2018,23,Bangalore,New Delhi,39,1457,Wonderful Services
91,6/18/2019,23,Bangalore,Chennai,31,4981,Awesome Product
92,9/24/2018,16,Belgaum,Hyderabad,15,2182,I should never buy this product
93,8/5/2019,3,Belgaum,Bangalore,34,3049,Wonderful Services
94,5/9/2019,5,Hassan,Chennai,22,2915,Awesome Product
95,9/30/2018,11,Bellary,Trivandrum,21,4948,I should never buy this product
96,3/27/2019,7,Bangalore,New Delhi,32,3940,Wonderful Services
97,8/25/2019,1,Bellary,Mumbai,23,3393,Awesome Product
98,10/26/2018,23,Bangalore,Mumbai,34,1687,Great Service
99,11/15/2018,11,Bellary,Bangalore,28,4800,Dont even think about this in the next life
100,12/3/2018,10,Gulbarga,Mumbai,36,3015,Wonderful Services
101,2/23/2019,4,Mysore,New Delhi,20,4969,Great Service
102,1/2/2019,20,Mysore,Trivandrum,36,2742,Great Service
103,3/6/2019,21,Belgaum,New Delhi,31,1432,Great Service
104,4/30/2019,8,Hassan,Chennai,12,1846,I should never buy this product
105,10/19/2018,14,Belgaum,New Delhi,32,4294,Dont even think about this in the next life
106,3/20/2019,24,Bellary,Bangalore,21,2178,Dont even think about this in the next life
107,3/12/2019,24,Mysore,Trivandrum,35,4737,Great Service
108,3/9/2019,7,Hassan,Chennai,36,4305,Awesome Product
109,12/26/2018,18,Bellary,Bangalore,46,1557,Dont even think about this in the next life
110,7/28/2019,25,Hassan,Mumbai,34,4992,Awesome Product
111,5/12/2019,22,Bangalore,Bangalore,30,2496,Dont even think about this in the next life
112,1/14/2019,10,Hassan,Trivandrum,32,1950,Awesome Product
113,3/19/2019,7,Belgaum,Trivandrum,35,1664,Great Service
114,6/12/2019,18,Bellary,Mumbai,14,3675,Great Service
115,10/28/2018,22,Gulbarga,Bangalore,48,3407,Great Service
116,1/22/2019,18,Bellary,Trivandrum,35,2962,Awesome Product
117,3/19/2019,1,Hassan,Bangalore,24,3813,Great Service
118,4/17/2019,6,Belgaum,Hyderabad,41,3956,Dont even think about this in the next life
119,1/24/2019,22,Bangalore,Mumbai,40,4732,Great Service
120,9/25/2018,7,Bellary,Mumbai,12,1810,Awesome Product
121,3/20/2019,3,Hassan,Bangalore,38,3187,I should never buy this product
122,9/16/2019,15,Mysore,Chennai,10,2475,I should never buy this product
123,10/11/2018,21,Hassan,Mumbai,15,3305,Dont even think about this in the next life
124,8/11/2019,20,Belgaum,Mumbai,10,2091,I should never buy this product
125,3/31/2019,16,Hassan,New Delhi,18,1941,Dont even think about this in the next life
126,3/14/2019,11,Belgaum,Mumbai,45,4203,I should never buy this product
127,7/20/2019,15,Bellary,Hyderabad,43,3179,Great Service
128,4/3/2019,19,Mysore,Hyderabad,48,2762,I should never buy this product
129,1/26/2019,17,Mysore,Mumbai,14,4774,I should never buy this product
130,2/16/2019,14,Hassan,Trivandrum,15,2847,Dont even think about this in the next life
131,1/28/2019,11,Mysore,New Delhi,48,4230,Great Service
132,3/19/2019,24,Mysore,Chennai,34,1627,Wonderful Services
133,5/12/2019,13,Hassan,Bangalore,32,2048,I should never buy this product
134,10/19/2018,9,Mysore,Trivandrum,36,1903,Dont even think about this in the next life
135,6/10/2019,16,Mysore,Bangalore,14,4868,I should never buy this product
136,1/2/2019,18,Belgaum,New Delhi,48,1827,Dont even think about this in the next life
137,8/20/2019,23,Bellary,Mumbai,26,2332,Wonderful Services
138,12/8/2018,11,Belgaum,Trivandrum,28,2870,Great Service
139,1/23/2019,22,Bangalore,Mumbai,44,4671,Awesome Product
140,8/8/2019,4,Gulbarga,Chennai,29,2087,Great Service
141,10/16/2018,24,Mysore,Trivandrum,19,3296,Awesome Product
142,6/24/2019,21,Hassan,Bangalore,32,4873,Awesome Product
143,1/17/2019,4,Bellary,Bangalore,36,3413,Wonderful Services
144,8/17/2019,15,Hassan,New Delhi,25,3592,Awesome Product
145,3/25/2019,24,Hassan,New Delhi,16,2140,I should never buy this product
146,3/23/2019,1,Hassan,Bangalore,21,4134,Awesome Product
147,6/3/2019,21,Mysore,Chennai,27,3215,Wonderful Services
148,4/1/2019,10,Belgaum,New Delhi,35,1130,Awesome Product
149,5/17/2019,15,Bangalore,Bangalore,48,1723,Awesome Product
150,2/26/2019,6,Hassan,Bangalore,37,2580,I should never buy this product
151,7/19/2019,5,Mysore,New Delhi,38,1826,Awesome Product
152,9/8/2019,15,Gulbarga,New Delhi,49,3957,Awesome Product
153,2/23/2019,15,Belgaum,Bangalore,14,3049,Wonderful Services
154,12/7/2018,23,Gulbarga,Bangalore,12,4141,Dont even think about this in the next life
155,1/17/2019,22,Bellary,Hyderabad,15,4985,Dont even think about this in the next life
156,8/9/2019,10,Bangalore,Hyderabad,46,1446,Awesome Product
157,3/19/2019,13,Belgaum,Hyderabad,15,4348,Great Service
158,9/10/2019,2,Bangalore,Hyderabad,48,4221,Awesome Product
159,4/29/2019,24,Belgaum,Bangalore,42,1347,Great Service
160,7/24/2019,23,Mysore,Mumbai,50,1797,Wonderful Services
161,9/2/2019,10,Belgaum,Chennai,47,4223,Awesome Product
162,7/2/2019,21,Bangalore,Mumbai,38,3001,Dont even think about this in the next life
163,11/5/2018,3,Belgaum,Chennai,48,1266,Great Service
164,12/10/2018,2,Bellary,Hyderabad,28,3848,Wonderful Services
165,1/13/2019,25,Mysore,Hyderabad,49,4095,Wonderful Services
166,5/5/2019,8,Bangalore,Chennai,24,4379,Great Service
167,3/15/2019,21,Belgaum,New Delhi,37,1345,Wonderful Services
168,11/27/2018,15,Bangalore,New Delhi,47,1948,Awesome Product
169,11/15/2018,16,Belgaum,Mumbai,47,2798,I should never buy this product
170,12/18/2018,12,Mysore,Chennai,17,4475,Great Service
171,11/4/2018,10,Bangalore,Mumbai,13,3902,Dont even think about this in the next life
172,8/19/2019,12,Belgaum,Hyderabad,38,4084,Great Service
173,10/14/2018,3,Hassan,Mumbai,22,4208,Awesome Product
174,3/15/2019,11,Bangalore,Chennai,33,1644,I should never buy this product
175,5/24/2019,13,Bellary,New Delhi,31,3708,I should never buy this product
176,6/5/2019,19,Bellary,Trivandrum,50,4176,Wonderful Services
177,9/27/2018,13,Hassan,New Delhi,21,4819,Great Service
178,10/8/2018,1,Bellary,Mumbai,40,3720,Dont even think about this in the next life
179,6/3/2019,3,Bellary,New Delhi,18,1483,Great Service
180,2/18/2019,7,Bellary,Chennai,18,2825,Wonderful Services
181,6/3/2019,6,Hassan,Chennai,16,1923,Awesome Product
182,1/16/2019,15,Bangalore,Bangalore,43,1415,Awesome Product
183,1/10/2019,10,Belgaum,Mumbai,11,1470,Awesome Product
184,10/4/2018,16,Bangalore,New Delhi,31,4917,Wonderful Services
185,5/26/2019,3,Bellary,Hyderabad,18,1776,Great Service
186,6/17/2019,8,Belgaum,Chennai,11,2529,Dont even think about this in the next life
187,2/26/2019,2,Bangalore,Bangalore,39,2852,I should never buy this product
188,8/9/2019,13,Belgaum,Mumbai,43,2397,Great Service
189,6/13/2019,18,Bellary,Trivandrum,29,1372,Awesome Product
190,1/23/2019,24,Hassan,Chennai,32,3996,Great Service
191,3/2/2019,16,Belgaum,Bangalore,35,3365,Awesome Product
192,3/23/2019,6,Bangalore,Bangalore,28,2117,Great Service
193,11/18/2018,18,Hassan,Hyderabad,46,2451,Great Service
194,12/22/2018,5,Mysore,New Delhi,40,4361,Awesome Product
195,5/1/2019,14,Bellary,Mumbai,34,2480,Great Service
196,5/6/2019,25,Gulbarga,Hyderabad,31,2803,Awesome Product
197,8/18/2019,7,Belgaum,Trivandrum,11,3294,Wonderful Services
198,11/27/2018,15,Hassan,Bangalore,22,4512,Dont even think about this in the next life
199,10/5/2018,17,Bangalore,Mumbai,27,3149,Wonderful Services
200,3/10/2019,13,Belgaum,Mumbai,29,1961,Wonderful Services
201,10/3/2018,8,Mysore,Trivandrum,30,3871,Awesome Product
202,4/8/2019,7,Belgaum,Hyderabad,38,4153,I should never buy this product
203,7/1/2019,12,Mysore,Bangalore,40,3103,I should never buy this product
204,9/20/2018,13,Belgaum,Mumbai,16,3740,Great Service
205,4/15/2019,8,Gulbarga,Trivandrum,24,3191,Awesome Product
206,11/6/2018,17,Hassan,Chennai,21,2560,I should never buy this product
207,5/2/2019,22,Mysore,Mumbai,20,4958,Dont even think about this in the next life
208,12/8/2018,5,Mysore,New Delhi,41,1229,I should never buy this product
209,1/7/2019,23,Bangalore,Hyderabad,18,4522,Awesome Product
210,12/11/2018,4,Hassan,Trivandrum,23,3603,Wonderful Services
211,12/27/2018,17,Bellary,Hyderabad,19,1835,Great Service
212,6/17/2019,13,Hassan,New Delhi,49,4217,Dont even think about this in the next life
213,6/7/2019,14,Belgaum,Trivandrum,23,2523,I should never buy this product
214,9/3/2019,16,Mysore,Mumbai,36,2784,Dont even think about this in the next life
215,12/18/2018,15,Belgaum,Bangalore,17,4667,I should never buy this product
216,4/23/2019,2,Bangalore,Chennai,47,4759,I should never buy this product
217,9/22/2018,18,Gulbarga,Hyderabad,50,2556,Wonderful Services
218,8/30/2019,2,Bangalore,Mumbai,17,3813,Great Service
219,2/23/2019,25,Gulbarga,Chennai,23,2629,Awesome Product
220,12/6/2018,5,Bellary,Chennai,18,2603,Wonderful Services
221,3/28/2019,2,Bangalore,Mumbai,37,3386,Great Service
222,1/20/2019,21,Bellary,New Delhi,11,4684,Awesome Product
223,11/30/2018,6,Hassan,New Delhi,11,1662,Dont even think about this in the next life
224,6/18/2019,20,Mysore,New Delhi,45,1871,Dont even think about this in the next life
225,11/23/2018,12,Bellary,New Delhi,49,3300,Great Service
226,6/4/2019,20,Bangalore,Bangalore,50,4147,Great Service
227,9/15/2019,4,Belgaum,Bangalore,21,4291,Wonderful Services
228,4/3/2019,17,Hassan,Chennai,15,1863,Dont even think about this in the next life
229,12/11/2018,15,Belgaum,Trivandrum,41,4959,Dont even think about this in the next life
230,10/24/2018,13,Mysore,Chennai,31,2969,I should never buy this product
231,11/22/2018,18,Belgaum,New Delhi,38,3909,Great Service
232,5/14/2019,25,Bangalore,Bangalore,15,4178,Awesome Product
233,4/23/2019,15,Bellary,Mumbai,39,4980,Great Service
234,12/11/2018,25,Mysore,Hyderabad,34,3699,I should never buy this product
235,4/26/2019,6,Mysore,New Delhi,39,4882,Dont even think about this in the next life
236,5/9/2019,2,Bangalore,Mumbai,21,4974,Wonderful Services
237,1/29/2019,7,Hassan,New Delhi,24,4295,I should never buy this product
238,7/22/2019,10,Hassan,Hyderabad,50,2235,Awesome Product
239,10/14/2018,3,Bellary,Mumbai,48,4873,I should never buy this product
240,7/16/2019,20,Bangalore,Mumbai,21,1102,I should never buy this product
241,5/25/2019,10,Hassan,New Delhi,17,3906,Awesome Product
242,12/18/2018,15,Mysore,Mumbai,34,3070,Awesome Product
243,7/14/2019,19,Hassan,New Delhi,26,2999,Dont even think about this in the next life
244,2/18/2019,11,Bangalore,New Delhi,50,3635,I should never buy this product
245,3/4/2019,4,Hassan,Mumbai,27,3932,Great Service
246,10/27/2018,5,Hassan,Mumbai,27,2775,Wonderful Services
247,6/6/2019,21,Mysore,Chennai,32,4977,Awesome Product
248,6/20/2019,20,Hassan,Bangalore,42,3102,I should never buy this product
249,1/19/2019,11,Belgaum,New Delhi,20,4616,I should never buy this product
250,1/24/2019,25,Hassan,New Delhi,13,3228,Wonderful Services
251,7/29/2019,4,Belgaum,New Delhi,10,3937,Dont even think about this in the next life
252,7/3/2019,8,Bangalore,New Delhi,48,4454,Great Service
253,11/19/2018,7,Gulbarga,Bangalore,20,2000,Wonderful Services
254,8/14/2019,3,Bellary,New Delhi,40,3893,Dont even think about this in the next life
255,12/9/2018,8,Gulbarga,Mumbai,22,3394,Dont even think about this in the next life
256,1/10/2019,12,Mysore,Mumbai,43,2087,Wonderful Services
257,8/31/2019,17,Bangalore,Chennai,37,1783,I should never buy this product
258,7/17/2019,10,Belgaum,Bangalore,10,2744,Wonderful Services
259,9/13/2019,3,Belgaum,Hyderabad,49,1757,Awesome Product
260,1/20/2019,4,Mysore,Bangalore,41,2183,I should never buy this product
261,12/4/2018,15,Mysore,Trivandrum,43,4225,I should never buy this product
262,5/14/2019,20,Bangalore,Bangalore,25,4247,Great Service
263,9/9/2019,23,Mysore,New Delhi,45,4327,Awesome Product
264,9/28/2018,12,Bellary,Chennai,12,1787,Awesome Product
265,6/30/2019,8,Hassan,Bangalore,26,3890,Awesome Product
266,5/8/2019,2,Bangalore,Chennai,47,3480,Wonderful Services
267,10/2/2018,22,Bellary,Bangalore,38,2008,Wonderful Services
268,10/21/2018,12,Bellary,Chennai,21,3325,Dont even think about this in the next life
269,3/26/2019,8,Belgaum,Trivandrum,33,1904,Dont even think about this in the next life
270,8/16/2019,19,Bellary,New Delhi,41,3067,Wonderful Services
271,5/25/2019,5,Hassan,Hyderabad,20,3452,Wonderful Services
272,8/7/2019,6,Mysore,Bangalore,36,3661,Wonderful Services
273,10/23/2018,13,Belgaum,Bangalore,11,3799,Wonderful Services
274,11/28/2018,17,Mysore,Chennai,38,2890,Great Service
275,1/27/2019,3,Bellary,Chennai,18,1352,I should never buy this product
276,11/4/2018,6,Belgaum,Hyderabad,20,2553,Wonderful Services
277,12/5/2018,20,Bangalore,New Delhi,39,4712,Dont even think about this in the next life
278,3/16/2019,14,Gulbarga,Hyderabad,16,2952,Wonderful Services
279,9/16/2019,12,Mysore,Hyderabad,28,4048,Awesome Product
280,11/5/2018,16,Hassan,Chennai,31,3277,Wonderful Services
281,4/25/2019,15,Bangalore,Trivandrum,46,1534,I should never buy this product
282,10/8/2018,14,Bangalore,Trivandrum,24,1969,Dont even think about this in the next life
283,12/31/2018,9,Mysore,Bangalore,34,1998,Great Service
284,2/19/2019,10,Bellary,Hyderabad,11,4989,Wonderful Services
285,5/30/2019,13,Hassan,Bangalore,31,2617,Dont even think about this in the next life
286,8/6/2019,15,Gulbarga,Trivandrum,36,4820,Awesome Product
287,11/25/2018,2,Bangalore,New Delhi,27,2801,Wonderful Services
288,9/11/2019,8,Hassan,Trivandrum,27,3537,Awesome Product
289,7/23/2019,8,Mysore,Bangalore,37,4778,Wonderful Services
290,11/10/2018,11,Gulbarga,Chennai,16,1244,Great Service
291,3/14/2019,19,Bellary,Trivandrum,39,3145,I should never buy this product
292,8/6/2019,25,Bellary,Trivandrum,31,3063,I should never buy this product
293,8/27/2019,8,Bangalore,Trivandrum,49,4725,I should never buy this product
294,8/5/2019,4,Mysore,Hyderabad,44,4357,Awesome Product
295,4/4/2019,18,Mysore,Hyderabad,19,3469,Wonderful Services
296,7/26/2019,16,Hassan,Chennai,35,2380,Dont even think about this in the next life
297,11/17/2018,15,Belgaum,Hyderabad,11,2168,Great Service
298,3/20/2019,6,Hassan,Mumbai,45,1743,Wonderful Services
299,11/2/2018,10,Belgaum,Trivandrum,33,1747,Great Service
300,1/22/2019,8,Belgaum,Bangalore,17,1068,Awesome Product
301,10/22/2018,9,Belgaum,Mumbai,47,3787,Dont even think about this in the next life
302,7/8/2019,24,Gulbarga,Bangalore,31,1848,Awesome Product
303,4/29/2019,22,Gulbarga,Trivandrum,50,4667,Great Service
304,8/15/2019,22,Hassan,Bangalore,30,3730,Dont even think about this in the next life
305,2/4/2019,25,Hassan,Chennai,20,2112,Dont even think about this in the next life
306,11/24/2018,4,Gulbarga,Chennai,10,2964,Wonderful Services
307,1/15/2019,6,Gulbarga,Bangalore,13,3332,Awesome Product
308,7/8/2019,17,Belgaum,Trivandrum,27,2276,I should never buy this product
309,3/3/2019,11,Mysore,Mumbai,29,3035,Great Service
310,5/16/2019,18,Bangalore,New Delhi,45,3333,Wonderful Services
311,12/22/2018,24,Gulbarga,Chennai,32,1515,Awesome Product
312,4/19/2019,7,Gulbarga,Chennai,35,4666,Dont even think about this in the next life
313,2/19/2019,5,Bangalore,Hyderabad,12,3319,Dont even think about this in the next life
314,11/28/2018,2,Mysore,Hyderabad,50,1714,Awesome Product
315,5/27/2019,15,Bangalore,New Delhi,17,4235,Awesome Product
316,3/6/2019,8,Belgaum,Trivandrum,35,4764,I should never buy this product
317,8/1/2019,14,Mysore,New Delhi,11,1705,Wonderful Services
318,10/30/2018,21,Bangalore,Bangalore,34,1877,Wonderful Services
319,8/8/2019,21,Hassan,Bangalore,25,1816,Great Service
320,3/29/2019,3,Bellary,Hyderabad,40,2623,Wonderful Services
321,9/7/2019,16,Hassan,Bangalore,10,2737,Wonderful Services
322,8/1/2019,22,Mysore,New Delhi,11,2342,Wonderful Services
323,5/18/2019,24,Bellary,Chennai,49,4414,Wonderful Services
324,4/14/2019,19,Mysore,Mumbai,13,4170,Wonderful Services
325,3/26/2019,6,Belgaum,Bangalore,37,1229,Awesome Product
326,10/6/2018,4,Hassan,New Delhi,18,4579,I should never buy this product
327,10/25/2018,14,Mysore,Chennai,45,1733,I should never buy this product
328,3/17/2019,19,Hassan,Chennai,32,3271,Great Service
329,7/29/2019,22,Belgaum,Chennai,23,1841,Awesome Product
330,11/15/2018,2,Bellary,New Delhi,49,1768,Awesome Product
331,8/6/2019,15,Belgaum,Trivandrum,39,2491,Wonderful Services
332,6/14/2019,15,Mysore,Bangalore,44,2637,Awesome Product
333,9/17/2019,19,Gulbarga,Trivandrum,30,2922,Wonderful Services
334,12/6/2018,13,Hassan,Bangalore,23,1253,Dont even think about this in the next life
335,3/17/2019,10,Mysore,Mumbai,12,4055,Wonderful Services
336,10/30/2018,8,Mysore,Hyderabad,33,1583,Awesome Product
337,7/16/2019,2,Hassan,Hyderabad,21,4707,Dont even think about this in the next life
338,4/23/2019,1,Gulbarga,New Delhi,38,1715,Dont even think about this in the next life
339,9/4/2019,4,Bangalore,Bangalore,11,1468,I should never buy this product
340,10/8/2018,13,Belgaum,Mumbai,42,1398,Wonderful Services
341,7/29/2019,21,Bellary,Hyderabad,21,2049,Awesome Product
342,9/7/2019,21,Bellary,Bangalore,47,4269,Awesome Product
343,6/25/2019,12,Bangalore,Chennai,29,1337,Dont even think about this in the next life
344,7/27/2019,24,Mysore,Hyderabad,43,2840,Wonderful Services
345,1/5/2019,5,Mysore,Trivandrum,36,2354,I should never buy this product
346,7/6/2019,23,Hassan,Trivandrum,47,2549,Dont even think about this in the next life
347,12/7/2018,20,Gulbarga,New Delhi,17,1283,Great Service
348,10/3/2018,3,Mysore,Bangalore,38,4297,Dont even think about this in the next life
349,10/5/2018,5,Mysore,Bangalore,35,1640,Dont even think about this in the next life
350,6/13/2019,18,Belgaum,New Delhi,17,1682,Awesome Product
351,7/25/2019,14,Mysore,Hyderabad,42,1691,Dont even think about this in the next life
352,6/6/2019,7,Belgaum,Bangalore,50,2224,Awesome Product
353,1/13/2019,10,Bangalore,New Delhi,19,1654,Wonderful Services
354,9/22/2018,17,Gulbarga,New Delhi,31,3060,Great Service
355,9/1/2019,10,Belgaum,Hyderabad,20,4047,I should never buy this product
356,9/27/2018,9,Mysore,New Delhi,46,3001,Great Service
357,6/26/2019,8,Bellary,New Delhi,22,3453,I should never buy this product
358,8/3/2019,13,Belgaum,Mumbai,14,3503,Great Service
359,1/13/2019,4,Mysore,Mumbai,39,1897,Awesome Product
360,3/26/2019,20,Mysore,Bangalore,30,3812,Wonderful Services
361,11/12/2018,16,Bellary,Trivandrum,23,1048,Dont even think about this in the next life
362,12/22/2018,23,Hassan,Trivandrum,16,1183,Wonderful Services
363,10/25/2018,9,Bellary,Mumbai,26,3493,Dont even think about this in the next life
364,9/24/2018,23,Mysore,Chennai,23,4808,Dont even think about this in the next life
365,8/24/2019,23,Mysore,Bangalore,45,3046,Dont even think about this in the next life
366,12/15/2018,9,Gulbarga,Bangalore,18,1677,Awesome Product
367,9/24/2018,12,Bangalore,Hyderabad,48,3586,Great Service
368,6/1/2019,24,Gulbarga,New Delhi,40,1820,Wonderful Services
369,6/19/2019,4,Hassan,Bangalore,31,2829,I should never buy this product
370,12/29/2018,12,Bellary,Hyderabad,10,2965,I should never buy this product
371,6/23/2019,21,Bellary,Bangalore,48,1020,I should never buy this product
372,5/22/2019,11,Mysore,Bangalore,34,1004,Wonderful Services
373,12/1/2018,3,Mysore,Bangalore,48,1129,Awesome Product
374,7/27/2019,6,Mysore,New Delhi,24,2374,Awesome Product
375,4/25/2019,21,Belgaum,Bangalore,17,1178,Awesome Product
376,6/8/2019,2,Gulbarga,New Delhi,25,2582,I should never buy this product
377,7/20/2019,5,Mysore,Mumbai,28,3184,Awesome Product
378,7/11/2019,18,Mysore,Bangalore,40,1846,Great Service
379,9/1/2019,2,Gulbarga,Mumbai,14,1008,Great Service
380,5/19/2019,21,Belgaum,Hyderabad,11,2725,I should never buy this product
381,7/18/2019,1,Hassan,Trivandrum,39,3277,Wonderful Services
382,11/20/2018,21,Belgaum,Hyderabad,11,1785,Great Service
383,10/6/2018,25,Bellary,Bangalore,46,2805,Dont even think about this in the next life
384,6/11/2019,8,Gulbarga,Trivandrum,34,2641,Dont even think about this in the next life
385,8/5/2019,9,Bellary,Trivandrum,20,1127,Great Service
386,1/9/2019,25,Gulbarga,Hyderabad,13,3381,Awesome Product
387,2/28/2019,17,Bangalore,Chennai,37,4578,Awesome Product
388,3/15/2019,23,Hassan,Bangalore,18,2465,Great Service
389,6/15/2019,24,Bellary,Chennai,47,4429,Awesome Product
390,11/17/2018,24,Bangalore,New Delhi,15,2983,Awesome Product
391,1/2/2019,8,Mysore,Hyderabad,49,4706,Awesome Product
392,6/10/2019,9,Bellary,Chennai,19,2597,Dont even think about this in the next life
393,12/1/2018,14,Hassan,Hyderabad,45,4988,I should never buy this product
394,1/22/2019,23,Bellary,New Delhi,29,3382,Awesome Product
395,5/15/2019,3,Hassan,Chennai,23,4026,Dont even think about this in the next life
396,2/8/2019,10,Hassan,New Delhi,42,2815,Wonderful Services
397,4/22/2019,14,Hassan,Mumbai,29,1796,Wonderful Services
398,9/15/2019,19,Gulbarga,Bangalore,31,4587,Great Service
399,5/18/2019,12,Bellary,New Delhi,25,4062,Great Service
400,9/23/2018,22,Bellary,Chennai,29,2636,Awesome Product
401,10/2/2018,13,Bangalore,Chennai,33,3240,I should never buy this product
402,7/13/2019,12,Belgaum,New Delhi,48,1474,Awesome Product
403,12/1/2018,6,Gulbarga,Mumbai,42,4800,Awesome Product
404,1/6/2019,25,Gulbarga,Mumbai,21,1000,I should never buy this product
405,6/7/2019,2,Bellary,New Delhi,21,3491,Dont even think about this in the next life
406,7/24/2019,25,Mysore,Mumbai,10,1373,Dont even think about this in the next life
407,10/28/2018,15,Hassan,Bangalore,11,1317,Dont even think about this in the next life
408,2/28/2019,23,Bellary,New Delhi,36,1926,I should never buy this product
409,2/28/2019,7,Belgaum,Bangalore,18,3729,I should never buy this product
410,12/5/2018,2,Mysore,Chennai,41,4446,Dont even think about this in the next life
411,4/9/2019,1,Gulbarga,New Delhi,23,1627,I should never buy this product
412,4/1/2019,24,Hassan,Bangalore,37,1714,Dont even think about this in the next life
413,10/10/2018,2,Hassan,Chennai,30,4947,Wonderful Services
414,11/23/2018,22,Mysore,Bangalore,13,2451,Great Service
415,11/4/2018,4,Bellary,Bangalore,46,2695,Dont even think about this in the next life
416,1/6/2019,21,Mysore,Hyderabad,40,2544,Awesome Product
417,3/17/2019,17,Hassan,Chennai,39,2103,Dont even think about this in the next life
418,8/3/2019,11,Belgaum,Bangalore,16,3289,Wonderful Services
419,6/9/2019,20,Hassan,Chennai,40,3566,Wonderful Services
420,6/13/2019,11,Hassan,Hyderabad,21,1624,Great Service
421,5/7/2019,18,Belgaum,Hyderabad,26,3679,Dont even think about this in the next life
422,3/31/2019,23,Gulbarga,New Delhi,40,1026,Awesome Product
423,12/23/2018,19,Gulbarga,Chennai,46,4374,I should never buy this product
424,6/5/2019,12,Gulbarga,New Delhi,15,3353,I should never buy this product
425,10/5/2018,17,Belgaum,Chennai,18,4991,Great Service
426,8/2/2019,9,Belgaum,Trivandrum,26,2629,Dont even think about this in the next life
427,11/2/2018,25,Bangalore,Hyderabad,14,4002,I should never buy this product
428,10/7/2018,18,Bangalore,Trivandrum,48,2323,Awesome Product
429,1/6/2019,4,Hassan,Bangalore,28,2951,Dont even think about this in the next life
430,4/28/2019,1,Bangalore,Chennai,19,4454,Dont even think about this in the next life
431,3/31/2019,8,Belgaum,Mumbai,15,3961,Awesome Product
432,3/12/2019,17,Belgaum,New Delhi,14,4493,I should never buy this product
433,12/5/2018,11,Belgaum,Chennai,46,1796,Great Service
434,5/17/2019,1,Mysore,Mumbai,14,4825,Dont even think about this in the next life
435,4/15/2019,21,Gulbarga,New Delhi,11,4171,Great Service
436,2/19/2019,24,Hassan,Mumbai,36,3833,Dont even think about this in the next life
437,3/8/2019,5,Hassan,New Delhi,28,1661,Awesome Product
438,4/14/2019,8,Bangalore,Chennai,13,2868,Great Service
439,7/26/2019,2,Hassan,Mumbai,31,2579,Wonderful Services
440,2/13/2019,23,Gulbarga,Bangalore,15,3561,Great Service
441,9/13/2019,20,Mysore,Mumbai,36,1859,Wonderful Services
442,10/14/2018,17,Bangalore,Bangalore,36,3872,Dont even think about this in the next life
443,12/13/2018,25,Belgaum,Bangalore,44,1014,Dont even think about this in the next life
444,11/13/2018,23,Bellary,Trivandrum,21,2257,I should never buy this product
445,5/27/2019,17,Gulbarga,Trivandrum,28,1652,Awesome Product
446,4/1/2019,23,Belgaum,Bangalore,24,2628,Great Service
447,12/10/2018,24,Mysore,Hyderabad,39,3929,Wonderful Services
448,7/9/2019,22,Gulbarga,Mumbai,45,3307,Awesome Product
449,2/23/2019,11,Belgaum,Hyderabad,20,4070,Great Service
450,12/14/2018,12,Belgaum,Chennai,23,2782,Awesome Product
451,3/13/2019,14,Mysore,Trivandrum,16,3502,Awesome Product
452,3/19/2019,5,Mysore,Trivandrum,11,2249,Great Service
453,5/12/2019,25,Gulbarga,Trivandrum,43,2925,Great Service
454,9/16/2019,7,Belgaum,Mumbai,35,4509,Dont even think about this in the next life
455,10/18/2018,5,Gulbarga,Chennai,13,3558,I should never buy this product
456,2/28/2019,20,Gulbarga,Chennai,24,2702,Great Service
457,9/24/2018,7,Bellary,Mumbai,44,4282,Great Service
458,1/7/2019,1,Gulbarga,Trivandrum,35,2232,Wonderful Services
459,7/2/2019,25,Bellary,Chennai,48,2483,Wonderful Services
460,12/28/2018,18,Bellary,New Delhi,44,2988,Awesome Product
461,7/11/2019,6,Mysore,Chennai,27,3241,Wonderful Services
462,5/29/2019,9,Bangalore,Hyderabad,46,1933,Awesome Product
463,5/27/2019,4,Bangalore,Bangalore,36,4637,Awesome Product
464,8/2/2019,15,Mysore,New Delhi,17,3297,Wonderful Services
465,6/14/2019,20,Bellary,Hyderabad,45,3312,Wonderful Services
466,5/18/2019,2,Hassan,New Delhi,44,2166,I should never buy this product
467,5/31/2019,11,Gulbarga,Bangalore,19,1237,I should never buy this product
468,7/30/2019,9,Bangalore,Hyderabad,40,2679,Wonderful Services
469,12/30/2018,13,Bangalore,Trivandrum,28,4493,Dont even think about this in the next life
470,11/21/2018,6,Mysore,Bangalore,31,2049,Great Service
471,7/28/2019,18,Bangalore,Bangalore,35,3983,Wonderful Services
472,4/13/2019,6,Mysore,Hyderabad,28,1820,Wonderful Services
473,11/8/2018,13,Hassan,Mumbai,36,3231,Awesome Product
474,9/5/2019,13,Bellary,Chennai,30,3892,I should never buy this product
475,8/4/2019,17,Bellary,Trivandrum,33,1259,Dont even think about this in the next life
476,12/23/2018,14,Bangalore,Chennai,12,2483,Wonderful Services
477,8/10/2019,24,Mysore,New Delhi,11,3926,Dont even think about this in the next life
478,4/2/2019,7,Bangalore,Chennai,21,2078,Wonderful Services
479,8/30/2019,19,Bangalore,New Delhi,16,1080,Great Service
480,5/29/2019,13,Belgaum,Mumbai,30,3407,Dont even think about this in the next life
481,12/10/2018,10,Bellary,Bangalore,13,3067,Wonderful Services
482,1/27/2019,2,Gulbarga,Bangalore,32,4885,Dont even think about this in the next life
483,9/13/2019,2,Belgaum,Hyderabad,31,2369,Dont even think about this in the next life
484,10/13/2018,12,Belgaum,Trivandrum,25,1067,Wonderful Services
485,3/11/2019,18,Mysore,Trivandrum,21,1112,Dont even think about this in the next life
486,9/30/2018,16,Mysore,Chennai,18,2536,Awesome Product
487,6/21/2019,24,Gulbarga,Hyderabad,42,1103,I should never buy this product
488,11/1/2018,15,Hassan,Chennai,19,4867,I should never buy this product
489,10/7/2018,14,Bangalore,Chennai,22,1269,I should never buy this product
490,1/10/2019,19,Gulbarga,Chennai,27,1374,Dont even think about this in the next life
491,10/5/2018,8,Gulbarga,Trivandrum,50,3907,Great Service
492,7/8/2019,14,Bangalore,New Delhi,14,3268,Dont even think about this in the next life
493,1/23/2019,14,Belgaum,Hyderabad,23,2577,Wonderful Services
494,7/23/2019,18,Belgaum,Chennai,17,2446,Wonderful Services
495,1/19/2019,8,Gulbarga,Hyderabad,28,3471,Dont even think about this in the next life
496,6/25/2019,21,Belgaum,New Delhi,25,1185,Awesome Product
497,11/17/2018,8,Gulbarga,Hyderabad,46,4950,I should never buy this product
498,6/30/2019,11,Hassan,Hyderabad,41,3096,Great Service
499,7/30/2019,1,Gulbarga,Hyderabad,50,3157,Dont even think about this in the next life
500,6/1/2019,13,Bellary,Mumbai,35,2682,Awesome Product
501,7/24/2019,2,Belgaum,Trivandrum,21,1435,Great Service
502,7/20/2019,24,Belgaum,New Delhi,17,4344,Wonderful Services
503,3/22/2019,9,Mysore,New Delhi,29,4728,Great Service
504,1/4/2019,22,Belgaum,New Delhi,24,3247,Great Service
505,3/15/2019,13,Bangalore,Trivandrum,41,3777,Wonderful Services
506,6/25/2019,18,Bellary,Bangalore,17,1015,I should never buy this product
507,4/11/2019,12,Hassan,Trivandrum,21,3989,Wonderful Services
508,3/6/2019,7,Mysore,Chennai,50,3216,Great Service
509,10/24/2018,22,Hassan,Trivandrum,34,1744,I should never buy this product
510,1/18/2019,13,Gulbarga,Hyderabad,35,4029,Dont even think about this in the next life
511,4/30/2019,10,Belgaum,Chennai,12,2447,I should never buy this product
512,12/2/2018,24,Gulbarga,Trivandrum,22,2362,Great Service
513,9/13/2019,15,Bangalore,New Delhi,50,2663,Wonderful Services
514,1/17/2019,5,Belgaum,Trivandrum,11,1913,Dont even think about this in the next life
515,3/18/2019,22,Mysore,New Delhi,31,4917,Awesome Product
516,10/30/2018,8,Mysore,New Delhi,13,2188,I should never buy this product
517,3/1/2019,8,Gulbarga,New Delhi,11,1560,Dont even think about this in the next life
518,7/24/2019,12,Bellary,Chennai,38,1025,Dont even think about this in the next life
519,12/11/2018,14,Hassan,Hyderabad,32,3357,Great Service
520,7/6/2019,9,Bellary,Bangalore,39,3372,Dont even think about this in the next life
521,5/13/2019,5,Hassan,Bangalore,40,1440,Great Service
522,1/5/2019,20,Bangalore,Bangalore,43,2352,Great Service
523,11/20/2018,2,Belgaum,Trivandrum,29,2136,Awesome Product
524,8/14/2019,17,Belgaum,Bangalore,37,1922,Wonderful Services
525,3/26/2019,4,Belgaum,Hyderabad,38,2995,Wonderful Services
526,1/17/2019,23,Bangalore,New Delhi,35,4384,Dont even think about this in the next life
527,11/8/2018,23,Belgaum,Bangalore,12,1788,Great Service
528,7/30/2019,11,Bellary,Chennai,16,4227,Dont even think about this in the next life
529,7/15/2019,24,Mysore,Hyderabad,48,3624,Great Service
530,3/7/2019,2,Gulbarga,Trivandrum,25,4113,Awesome Product
531,8/18/2019,18,Belgaum,Trivandrum,30,3157,Wonderful Services
532,9/24/2018,7,Bellary,Mumbai,42,2294,Great Service
533,10/10/2018,14,Mysore,Trivandrum,35,4774,Awesome Product
534,9/10/2019,8,Bangalore,Trivandrum,30,4571,Awesome Product
535,4/25/2019,22,Bellary,Hyderabad,39,2435,Dont even think about this in the next life
536,8/24/2019,17,Hassan,New Delhi,11,2013,I should never buy this product
537,5/1/2019,11,Bangalore,Chennai,25,2568,I should never buy this product
538,7/10/2019,4,Belgaum,Hyderabad,29,3271,Awesome Product
539,7/3/2019,24,Bellary,Hyderabad,26,4051,Great Service
540,11/3/2018,8,Mysore,Mumbai,27,2773,Dont even think about this in the next life
541,11/18/2018,24,Bangalore,Chennai,24,3839,Dont even think about this in the next life
542,2/17/2019,19,Belgaum,Trivandrum,19,1847,Wonderful Services
543,8/7/2019,2,Hassan,Mumbai,14,2137,Great Service
544,1/9/2019,23,Gulbarga,New Delhi,47,2713,Great Service
545,5/6/2019,5,Gulbarga,New Delhi,50,2984,Dont even think about this in the next life
546,11/28/2018,23,Mysore,Chennai,46,3695,Wonderful Services
547,1/6/2019,21,Belgaum,Hyderabad,49,4166,Awesome Product
548,9/30/2018,19,Gulbarga,Mumbai,14,2414,I should never buy this product
549,10/22/2018,14,Gulbarga,Trivandrum,10,2494,Great Service
550,12/1/2018,4,Mysore,New Delhi,21,2695,Awesome Product
551,5/29/2019,24,Gulbarga,New Delhi,11,1845,Dont even think about this in the next life
552,5/9/2019,13,Gulbarga,Bangalore,23,3621,I should never buy this product
553,4/24/2019,1,Hassan,New Delhi,40,2222,Awesome Product
554,3/12/2019,17,Bellary,Hyderabad,19,3586,Wonderful Services
555,10/21/2018,3,Hassan,Chennai,30,1798,I should never buy this product
556,5/31/2019,25,Hassan,Bangalore,14,4295,Awesome Product
557,6/12/2019,17,Bellary,Trivandrum,24,4365,I should never buy this product
558,9/21/2018,4,Mysore,New Delhi,31,1318,Dont even think about this in the next life
559,1/6/2019,2,Hassan,Bangalore,19,4653,I should never buy this product
560,1/2/2019,18,Belgaum,Chennai,33,3737,Awesome Product
561,11/1/2018,18,Bangalore,Trivandrum,30,1100,Great Service
562,9/26/2018,19,Gulbarga,Mumbai,50,1185,Wonderful Services
563,4/21/2019,4,Belgaum,Mumbai,16,2752,Great Service
564,4/30/2019,7,Bellary,New Delhi,42,4621,Wonderful Services
565,3/23/2019,2,Hassan,Hyderabad,44,1019,Dont even think about this in the next life
566,10/5/2018,24,Bangalore,New Delhi,15,4993,Awesome Product
567,11/25/2018,10,Mysore,New Delhi,36,1617,I should never buy this product
568,4/30/2019,3,Gulbarga,Mumbai,22,1304,Dont even think about this in the next life
569,8/14/2019,14,Mysore,Bangalore,20,1239,Great Service
570,12/6/2018,19,Bellary,Chennai,19,1324,Awesome Product
571,5/27/2019,19,Gulbarga,Hyderabad,48,2645,Great Service
572,9/23/2018,6,Gulbarga,New Delhi,44,4722,I should never buy this product
573,6/22/2019,23,Gulbarga,New Delhi,24,1821,Great Service
574,4/16/2019,15,Gulbarga,Trivandrum,32,3784,Awesome Product
575,10/24/2018,7,Belgaum,Hyderabad,47,1805,I should never buy this product
576,8/21/2019,10,Bellary,Hyderabad,45,1938,Great Service
577,6/6/2019,10,Hassan,Chennai,11,1011,Wonderful Services
578,3/24/2019,18,Bellary,Chennai,50,2866,Wonderful Services
579,8/18/2019,18,Bellary,Trivandrum,21,1630,Great Service
580,7/16/2019,1,Mysore,Mumbai,15,3521,Awesome Product
581,4/15/2019,21,Belgaum,Mumbai,17,1897,Wonderful Services
582,6/24/2019,21,Bellary,Mumbai,21,2754,Dont even think about this in the next life
583,10/20/2018,13,Hassan,Bangalore,41,2416,Great Service
584,5/26/2019,16,Bellary,Bangalore,22,1063,Dont even think about this in the next life
585,12/3/2018,3,Bellary,Chennai,38,3541,I should never buy this product
586,12/10/2018,24,Mysore,Mumbai,48,3327,Awesome Product
587,10/11/2018,21,Bangalore,Hyderabad,38,2547,Dont even think about this in the next life
588,12/9/2018,13,Hassan,Bangalore,13,1232,I should never buy this product
589,2/24/2019,1,Belgaum,Bangalore,30,4223,I should never buy this product
590,9/1/2019,10,Bellary,New Delhi,12,1609,Wonderful Services
591,5/6/2019,3,Bangalore,Mumbai,38,3717,I should never buy this product
592,3/25/2019,4,Bellary,Bangalore,43,1321,I should never buy this product
593,9/18/2019,6,Hassan,Mumbai,27,4374,Great Service
594,10/10/2018,13,Hassan,Chennai,26,4139,Wonderful Services
595,3/3/2019,25,Bangalore,Bangalore,45,3327,Wonderful Services
596,3/28/2019,1,Mysore,Trivandrum,13,2935,I should never buy this product
597,10/5/2018,15,Hassan,Bangalore,42,4563,Great Service
598,10/19/2018,4,Belgaum,Hyderabad,41,2910,Great Service
599,12/21/2018,19,Bellary,Bangalore,21,2142,I should never buy this product
600,11/16/2018,22,Gulbarga,Chennai,34,2593,I should never buy this product
601,12/11/2018,4,Mysore,Mumbai,14,1432,I should never buy this product
602,3/19/2019,19,Mysore,Trivandrum,30,2263,I should never buy this product
603,7/30/2019,1,Hassan,Chennai,49,4383,Dont even think about this in the next life
604,12/7/2018,9,Gulbarga,Trivandrum,31,2489,Wonderful Services
605,6/23/2019,25,Bellary,Hyderabad,36,1969,Dont even think about this in the next life
606,4/18/2019,1,Gulbarga,Trivandrum,40,4299,Awesome Product
607,4/30/2019,24,Gulbarga,Hyderabad,40,3570,Awesome Product
608,2/15/2019,8,Mysore,Trivandrum,41,3670,Wonderful Services
609,9/17/2019,4,Bellary,Hyderabad,18,3684,Great Service
610,1/31/2019,8,Mysore,Chennai,16,4307,Awesome Product
611,9/15/2019,21,Bangalore,Trivandrum,42,2348,Great Service
612,2/20/2019,4,Gulbarga,New Delhi,15,3977,I should never buy this product
613,1/12/2019,17,Bellary,Hyderabad,40,4294,Dont even think about this in the next life
614,11/12/2018,1,Hassan,Trivandrum,50,3814,I should never buy this product
615,2/7/2019,21,Mysore,Chennai,46,2721,Wonderful Services
616,11/14/2018,25,Bangalore,Mumbai,28,1346,Awesome Product
617,5/3/2019,17,Bellary,Mumbai,49,1963,Wonderful Services
618,6/3/2019,24,Belgaum,Chennai,45,4830,Awesome Product
619,2/27/2019,17,Gulbarga,Chennai,33,3216,Wonderful Services
620,6/26/2019,15,Bangalore,Mumbai,50,4694,Great Service
621,3/9/2019,24,Bangalore,Hyderabad,18,2087,Wonderful Services
622,12/17/2018,15,Bellary,Mumbai,33,4135,I should never buy this product
623,10/2/2018,25,Bangalore,Trivandrum,20,1778,Awesome Product
624,9/28/2018,6,Mysore,Hyderabad,13,3780,Awesome Product
625,1/21/2019,23,Gulbarga,Chennai,28,3491,Dont even think about this in the next life
626,2/23/2019,18,Gulbarga,New Delhi,17,4148,Dont even think about this in the next life
627,3/17/2019,20,Belgaum,Bangalore,19,1680,Great Service
628,4/20/2019,24,Mysore,Chennai,20,3699,Awesome Product
629,6/22/2019,7,Belgaum,Chennai,16,2750,I should never buy this product
630,2/6/2019,5,Mysore,Chennai,17,4545,Great Service
631,8/6/2019,17,Bangalore,Hyderabad,21,4167,Wonderful Services
632,9/4/2019,16,Bangalore,Chennai,18,3001,Wonderful Services
633,11/4/2018,10,Bellary,Bangalore,45,1635,Great Service
634,9/16/2019,16,Hassan,Hyderabad,46,4781,Dont even think about this in the next life
635,2/10/2019,6,Bellary,New Delhi,18,4995,Dont even think about this in the next life
636,4/10/2019,23,Mysore,Hyderabad,42,4682,Dont even think about this in the next life
637,12/7/2018,24,Bangalore,Hyderabad,47,1031,Great Service
638,5/20/2019,23,Bangalore,New Delhi,48,3873,Awesome Product
639,10/2/2018,5,Gulbarga,Bangalore,42,4439,Great Service
640,10/12/2018,22,Bellary,Chennai,29,3812,Great Service
641,1/17/2019,21,Bellary,Mumbai,45,3478,Wonderful Services
642,6/10/2019,5,Mysore,Mumbai,10,4293,Dont even think about this in the next life
643,9/8/2019,23,Bellary,Mumbai,50,1482,Awesome Product
644,1/3/2019,11,Belgaum,Bangalore,49,4828,Dont even think about this in the next life
645,5/27/2019,1,Hassan,Hyderabad,10,2901,Wonderful Services
646,3/26/2019,4,Bellary,New Delhi,27,2070,Wonderful Services
647,4/20/2019,22,Hassan,Mumbai,17,1303,Wonderful Services
648,5/30/2019,25,Gulbarga,Chennai,42,1327,Dont even think about this in the next life
649,1/7/2019,15,Bellary,Hyderabad,28,3086,I should never buy this product
650,1/3/2019,1,Bangalore,Chennai,22,4830,I should never buy this product
651,7/10/2019,11,Hassan,Trivandrum,22,4884,Wonderful Services
652,2/1/2019,9,Mysore,Chennai,36,3930,Wonderful Services
653,11/5/2018,17,Bangalore,New Delhi,45,1170,I should never buy this product
654,3/17/2019,21,Belgaum,New Delhi,34,3921,Great Service
655,5/9/2019,20,Belgaum,Hyderabad,40,4016,Dont even think about this in the next life
656,11/16/2018,4,Belgaum,Bangalore,29,4392,I should never buy this product
657,1/28/2019,16,Bellary,Bangalore,43,4096,Wonderful Services
658,5/24/2019,16,Bangalore,Hyderabad,24,1323,Dont even think about this in the next life
659,7/28/2019,4,Gulbarga,Trivandrum,35,2510,Dont even think about this in the next life
660,4/17/2019,15,Bangalore,Hyderabad,38,4836,I should never buy this product
661,5/10/2019,8,Bangalore,Bangalore,10,2706,Dont even think about this in the next life
662,7/17/2019,15,Mysore,Hyderabad,20,2428,Awesome Product
663,5/16/2019,4,Bangalore,Hyderabad,15,2408,I should never buy this product
664,2/14/2019,23,Bangalore,Trivandrum,19,2562,Wonderful Services
665,12/18/2018,2,Gulbarga,Bangalore,26,1019,I should never buy this product
666,11/3/2018,3,Gulbarga,Hyderabad,11,3266,Dont even think about this in the next life
667,7/23/2019,17,Gulbarga,New Delhi,34,4532,Great Service
668,1/10/2019,8,Hassan,Bangalore,16,2427,Great Service
669,7/28/2019,19,Bangalore,Trivandrum,35,3268,Dont even think about this in the next life
670,6/20/2019,3,Mysore,Hyderabad,25,1654,I should never buy this product
671,6/22/2019,13,Belgaum,Hyderabad,30,3486,Great Service
672,6/13/2019,19,Bangalore,Bangalore,50,3413,Awesome Product
673,8/7/2019,5,Belgaum,Trivandrum,49,4640,Awesome Product
674,9/19/2018,25,Mysore,Hyderabad,11,4285,Wonderful Services
675,7/27/2019,5,Bangalore,Mumbai,27,4943,Great Service
676,9/3/2019,15,Hassan,Mumbai,30,2602,Awesome Product
677,4/6/2019,16,Hassan,Mumbai,15,2568,Great Service
678,7/20/2019,7,Bangalore,Bangalore,39,4983,I should never buy this product
679,2/2/2019,1,Hassan,Mumbai,32,1604,Awesome Product
680,9/10/2019,16,Belgaum,Bangalore,45,2082,Dont even think about this in the next life
681,7/31/2019,17,Bangalore,Mumbai,30,4095,Great Service
682,11/14/2018,23,Belgaum,Chennai,49,2834,I should never buy this product
683,8/21/2019,4,Bangalore,Chennai,18,3439,Awesome Product
684,8/26/2019,1,Bellary,Mumbai,42,1349,Dont even think about this in the next life
685,3/1/2019,16,Bangalore,Bangalore,20,4614,Dont even think about this in the next life
686,7/22/2019,24,Bellary,Mumbai,29,1126,Wonderful Services
687,12/18/2018,2,Bellary,Trivandrum,19,3525,Great Service
688,9/16/2019,22,Belgaum,Bangalore,39,3815,Dont even think about this in the next life
689,3/12/2019,15,Bellary,Mumbai,12,1087,Awesome Product
690,8/21/2019,15,Hassan,Bangalore,46,3319,Awesome Product
691,5/19/2019,23,Belgaum,Trivandrum,25,1671,Great Service
692,1/23/2019,14,Gulbarga,New Delhi,37,3718,Dont even think about this in the next life
693,7/13/2019,25,Belgaum,Trivandrum,17,3896,Wonderful Services
694,10/29/2018,18,Bellary,Hyderabad,26,4385,Dont even think about this in the next life
695,2/4/2019,12,Mysore,Mumbai,29,3708,Awesome Product
696,4/24/2019,8,Bangalore,New Delhi,11,1270,Great Service
697,2/4/2019,10,Gulbarga,Mumbai,37,3631,I should never buy this product
698,11/5/2018,2,Gulbarga,Mumbai,19,2127,Dont even think about this in the next life
699,12/11/2018,21,Mysore,New Delhi,32,3487,I should never buy this product
700,3/29/2019,11,Belgaum,Trivandrum,24,2639,I should never buy this product
701,11/16/2018,17,Hassan,Trivandrum,11,3982,Awesome Product
702,10/13/2018,3,Mysore,Hyderabad,24,1638,I should never buy this product
703,7/11/2019,12,Hassan,Hyderabad,14,2810,Wonderful Services
704,10/25/2018,18,Gulbarga,Hyderabad,44,3128,Awesome Product
705,11/23/2018,4,Gulbarga,Trivandrum,23,4678,Awesome Product
706,4/14/2019,9,Belgaum,Chennai,31,3499,Awesome Product
707,9/9/2019,11,Bellary,New Delhi,12,3286,I should never buy this product
708,2/23/2019,11,Gulbarga,Hyderabad,15,3449,I should never buy this product
709,1/3/2019,23,Bellary,Mumbai,12,1540,I should never buy this product
710,1/15/2019,14,Bellary,Mumbai,18,3794,Dont even think about this in the next life
711,5/9/2019,4,Belgaum,Trivandrum,46,1827,I should never buy this product
712,11/8/2018,11,Mysore,Mumbai,35,2632,Great Service
713,4/17/2019,13,Bellary,New Delhi,43,1615,Awesome Product
714,1/7/2019,23,Bangalore,Hyderabad,19,2190,I should never buy this product
715,6/25/2019,20,Belgaum,Hyderabad,49,3665,Awesome Product
716,5/22/2019,8,Mysore,Bangalore,39,4891,Great Service
717,8/23/2019,17,Hassan,Trivandrum,10,4826,Awesome Product
718,12/4/2018,24,Belgaum,Bangalore,14,2262,I should never buy this product
719,12/19/2018,21,Bangalore,Mumbai,23,4065,Wonderful Services
720,5/5/2019,4,Bellary,Bangalore,26,1964,Wonderful Services
721,2/20/2019,6,Bellary,Chennai,43,3949,Awesome Product
722,1/29/2019,22,Bellary,Hyderabad,49,3004,Great Service
723,2/21/2019,20,Belgaum,Chennai,37,2409,Wonderful Services
724,1/13/2019,19,Mysore,Hyderabad,37,1771,Dont even think about this in the next life
725,7/6/2019,3,Hassan,New Delhi,19,4931,I should never buy this product
726,3/9/2019,5,Bellary,Chennai,42,3570,Dont even think about this in the next life
727,5/8/2019,12,Gulbarga,Bangalore,11,2854,I should never buy this product
728,6/16/2019,9,Hassan,New Delhi,29,4845,Awesome Product
729,9/20/2018,22,Belgaum,Bangalore,35,3070,Awesome Product
730,3/23/2019,16,Hassan,New Delhi,39,2719,Awesome Product
731,8/15/2019,6,Belgaum,Trivandrum,18,1969,Dont even think about this in the next life
732,1/5/2019,9,Mysore,Bangalore,14,2034,I should never buy this product
733,9/16/2019,6,Hassan,New Delhi,36,4436,Great Service
734,12/8/2018,23,Bellary,Hyderabad,23,4787,Awesome Product
735,8/10/2019,9,Belgaum,New Delhi,13,2972,Dont even think about this in the next life
736,5/8/2019,10,Mysore,Bangalore,39,3460,I should never buy this product
737,10/13/2018,23,Belgaum,Bangalore,11,3766,I should never buy this product
738,1/10/2019,5,Belgaum,Hyderabad,38,1401,I should never buy this product
739,12/3/2018,13,Hassan,Chennai,44,3609,I should never buy this product
740,3/27/2019,3,Belgaum,Trivandrum,18,3794,Great Service
741,10/25/2018,1,Hassan,Bangalore,41,3603,I should never buy this product
742,5/30/2019,24,Gulbarga,Bangalore,18,3676,Awesome Product
743,3/12/2019,23,Hassan,Chennai,16,4290,Great Service
744,2/16/2019,18,Hassan,Hyderabad,19,3956,Awesome Product
745,1/28/2019,7,Mysore,New Delhi,39,3336,Awesome Product
746,8/25/2019,14,Bangalore,Chennai,35,2557,Awesome Product
747,2/23/2019,10,Hassan,Bangalore,29,1199,Awesome Product
748,6/16/2019,13,Bangalore,Hyderabad,11,2213,Dont even think about this in the next life
749,1/19/2019,4,Belgaum,New Delhi,46,1579,Great Service
750,1/17/2019,24,Hassan,New Delhi,41,3452,I should never buy this product
751,9/10/2019,14,Mysore,New Delhi,29,1231,Great Service
752,6/20/2019,22,Bellary,Bangalore,47,1137,I should never buy this product
753,12/9/2018,1,Belgaum,Bangalore,18,1371,Wonderful Services
754,8/16/2019,12,Mysore,Chennai,49,3147,Wonderful Services
755,10/26/2018,5,Belgaum,New Delhi,38,4605,Dont even think about this in the next life
756,5/13/2019,17,Mysore,Hyderabad,35,2612,Dont even think about this in the next life
757,9/1/2019,7,Mysore,New Delhi,11,2515,Dont even think about this in the next life
758,1/9/2019,4,Gulbarga,Chennai,12,3072,Wonderful Services
759,7/7/2019,13,Bangalore,New Delhi,45,1313,I should never buy this product
760,11/16/2018,25,Gulbarga,Hyderabad,19,4561,Wonderful Services
761,6/8/2019,20,Gulbarga,Bangalore,33,3948,I should never buy this product
762,4/6/2019,5,Belgaum,Chennai,19,3631,Great Service
763,9/20/2018,15,Gulbarga,Bangalore,12,1746,I should never buy this product
764,5/2/2019,13,Bangalore,Bangalore,27,4583,I should never buy this product
765,7/7/2019,17,Gulbarga,New Delhi,49,3843,I should never buy this product
766,6/28/2019,13,Bellary,Mumbai,26,1603,I should never buy this product
767,2/9/2019,7,Gulbarga,Trivandrum,18,1764,Awesome Product
768,1/1/2019,10,Hassan,Mumbai,26,3002,Wonderful Services
769,6/7/2019,21,Bellary,Hyderabad,10,3922,Wonderful Services
770,9/17/2019,17,Belgaum,Hyderabad,22,2815,Great Service
771,10/21/2018,7,Mysore,Bangalore,17,2172,Dont even think about this in the next life
772,3/20/2019,17,Bangalore,Hyderabad,44,4187,Awesome Product
773,2/23/2019,2,Bellary,Chennai,19,2990,Great Service
774,5/16/2019,14,Bellary,Mumbai,31,3925,Awesome Product
775,2/14/2019,25,Mysore,Mumbai,33,2340,I should never buy this product
776,12/15/2018,11,Bangalore,Chennai,39,3716,I should never buy this product
777,10/14/2018,6,Bangalore,Chennai,39,4366,Dont even think about this in the next life
778,3/23/2019,14,Hassan,Mumbai,12,2998,Dont even think about this in the next life
779,12/25/2018,3,Bangalore,Mumbai,49,4599,I should never buy this product
780,9/27/2018,18,Gulbarga,New Delhi,11,2203,Awesome Product
781,11/15/2018,7,Hassan,Hyderabad,13,4930,Great Service
782,8/17/2019,7,Gulbarga,Chennai,39,2314,I should never buy this product
783,2/18/2019,15,Gulbarga,Trivandrum,24,1526,Awesome Product
784,3/4/2019,23,Bellary,Bangalore,16,2670,Great Service
785,11/27/2018,6,Mysore,Chennai,41,3190,Wonderful Services
786,11/28/2018,16,Bellary,Hyderabad,46,4269,Great Service
787,6/25/2019,15,Gulbarga,New Delhi,43,2777,Wonderful Services
788,6/5/2019,13,Hassan,Bangalore,42,1361,Wonderful Services
789,2/24/2019,2,Belgaum,Trivandrum,24,2583,Dont even think about this in the next life
790,9/22/2018,25,Hassan,Chennai,36,1153,I should never buy this product
791,11/2/2018,5,Hassan,Chennai,35,4201,Wonderful Services
792,2/25/2019,25,Belgaum,Trivandrum,18,3728,Wonderful Services
793,8/23/2019,20,Belgaum,Bangalore,14,2069,Wonderful Services
794,6/10/2019,17,Gulbarga,Trivandrum,40,4926,Awesome Product
795,4/1/2019,20,Bellary,New Delhi,25,1315,I should never buy this product
796,2/16/2019,16,Belgaum,Chennai,30,2107,Wonderful Services
797,1/30/2019,20,Gulbarga,Chennai,45,3325,Great Service
798,6/26/2019,19,Belgaum,Trivandrum,11,3139,I should never buy this product
799,1/2/2019,15,Hassan,Bangalore,33,4686,Awesome Product
800,3/27/2019,16,Mysore,Bangalore,41,3160,Wonderful Services
801,8/31/2019,17,Hassan,Mumbai,39,1051,Awesome Product
802,11/3/2018,13,Bangalore,New Delhi,27,4605,Dont even think about this in the next life
803,5/18/2019,7,Hassan,Hyderabad,16,4546,I should never buy this product
804,5/17/2019,6,Belgaum,Chennai,26,3992,Wonderful Services
805,12/10/2018,13,Mysore,Bangalore,15,4036,I should never buy this product
806,9/14/2019,4,Mysore,Hyderabad,40,2318,Great Service
807,5/1/2019,19,Bangalore,Hyderabad,45,2714,Awesome Product
808,10/18/2018,5,Bellary,Hyderabad,10,1145,Wonderful Services
809,10/13/2018,17,Gulbarga,Hyderabad,23,2212,Dont even think about this in the next life
810,10/6/2018,23,Belgaum,Trivandrum,41,3858,Wonderful Services
811,12/16/2018,19,Hassan,New Delhi,38,2954,Dont even think about this in the next life
812,8/3/2019,5,Hassan,Trivandrum,14,1314,Great Service
813,1/19/2019,10,Belgaum,Bangalore,10,3675,Great Service
814,10/8/2018,5,Bangalore,Trivandrum,41,4240,Great Service
815,11/18/2018,4,Bellary,Bangalore,31,1745,Wonderful Services
816,3/10/2019,23,Hassan,Trivandrum,40,4310,Dont even think about this in the next life
817,10/2/2018,10,Belgaum,New Delhi,48,3980,Wonderful Services
818,1/5/2019,14,Gulbarga,Trivandrum,18,2164,Great Service
819,2/14/2019,9,Hassan,Chennai,12,2806,Wonderful Services
820,10/14/2018,20,Bangalore,New Delhi,28,3357,Awesome Product
821,7/24/2019,24,Bangalore,Bangalore,43,3840,Great Service
822,9/2/2019,17,Belgaum,Mumbai,38,3081,Awesome Product
823,12/30/2018,24,Belgaum,Hyderabad,43,3896,Awesome Product
824,10/31/2018,13,Bangalore,Chennai,27,4467,Great Service
825,3/16/2019,23,Gulbarga,Trivandrum,34,1831,Dont even think about this in the next life
826,12/2/2018,25,Belgaum,Trivandrum,28,3608,Great Service
827,10/4/2018,23,Belgaum,Mumbai,17,1582,Dont even think about this in the next life
828,8/3/2019,21,Mysore,New Delhi,34,3203,Great Service
829,12/2/2018,20,Belgaum,Trivandrum,26,1654,I should never buy this product
830,10/23/2018,25,Hassan,Chennai,31,1639,I should never buy this product
831,7/22/2019,19,Bellary,Chennai,37,2774,Dont even think about this in the next life
832,3/8/2019,22,Mysore,Trivandrum,30,3325,Wonderful Services
833,6/12/2019,15,Hassan,Trivandrum,46,4705,Awesome Product
834,6/22/2019,18,Mysore,Trivandrum,31,2549,Wonderful Services
835,6/5/2019,16,Belgaum,Chennai,40,3257,Dont even think about this in the next life
836,1/13/2019,20,Mysore,Chennai,34,1224,Wonderful Services
837,10/26/2018,10,Bangalore,Hyderabad,35,1065,I should never buy this product
838,3/10/2019,12,Hassan,Bangalore,14,4634,Dont even think about this in the next life
839,3/14/2019,13,Mysore,Mumbai,36,2691,I should never buy this product
840,11/24/2018,14,Gulbarga,New Delhi,38,2986,Dont even think about this in the next life
841,5/15/2019,13,Mysore,Chennai,10,1057,Dont even think about this in the next life
842,3/16/2019,3,Bellary,Chennai,10,3565,Great Service
843,7/4/2019,17,Bellary,Chennai,31,3565,Awesome Product
844,12/30/2018,8,Hassan,Mumbai,28,1175,I should never buy this product
845,9/19/2018,1,Belgaum,Hyderabad,42,2492,Dont even think about this in the next life
846,5/7/2019,6,Bellary,Bangalore,14,2832,I should never buy this product
847,12/4/2018,24,Belgaum,New Delhi,15,4291,Great Service
848,10/27/2018,8,Mysore,Chennai,15,3906,Great Service
849,3/28/2019,5,Hassan,Chennai,21,1773,I should never buy this product
850,1/24/2019,1,Gulbarga,Chennai,37,1461,Dont even think about this in the next life
851,12/8/2018,13,Bellary,Bangalore,10,3678,Awesome Product
852,4/17/2019,23,Bangalore,Chennai,13,2384,I should never buy this product
853,4/20/2019,14,Bellary,Trivandrum,25,4324,I should never buy this product
854,4/30/2019,15,Belgaum,New Delhi,19,3513,Great Service
855,1/15/2019,12,Mysore,Chennai,28,2202,Great Service
856,7/13/2019,25,Gulbarga,Hyderabad,26,1803,Great Service
857,3/18/2019,12,Bangalore,Bangalore,47,1736,I should never buy this product
858,7/24/2019,12,Gulbarga,Trivandrum,38,4668,I should never buy this product
859,1/7/2019,1,Gulbarga,Chennai,30,1990,Dont even think about this in the next life
860,1/28/2019,24,Mysore,Trivandrum,29,2558,I should never buy this product
861,1/13/2019,25,Bellary,Chennai,36,4296,Dont even think about this in the next life
862,5/22/2019,21,Bangalore,Bangalore,24,1177,Great Service
863,7/22/2019,2,Belgaum,Hyderabad,48,4137,Dont even think about this in the next life
864,10/3/2018,12,Mysore,Bangalore,29,2300,Dont even think about this in the next life
865,12/16/2018,18,Gulbarga,Mumbai,44,1862,Wonderful Services
866,3/23/2019,15,Hassan,Chennai,18,1479,Awesome Product
867,3/7/2019,22,Bellary,Trivandrum,49,1983,Awesome Product
868,6/11/2019,19,Bangalore,Mumbai,29,1879,Dont even think about this in the next life
869,3/20/2019,4,Gulbarga,Bangalore,43,4619,Awesome Product
870,12/27/2018,14,Gulbarga,Trivandrum,30,4106,Dont even think about this in the next life
871,7/12/2019,21,Hassan,Bangalore,20,3039,Wonderful Services
872,5/28/2019,8,Gulbarga,Hyderabad,34,1561,Wonderful Services
873,6/15/2019,3,Hassan,Hyderabad,20,2596,I should never buy this product
874,11/15/2018,9,Bellary,Bangalore,16,2353,Awesome Product
875,10/1/2018,24,Belgaum,Hyderabad,34,2677,I should never buy this product
876,5/21/2019,19,Mysore,Bangalore,36,1733,Awesome Product
877,10/18/2018,8,Belgaum,Hyderabad,40,1556,I should never buy this product
878,2/16/2019,10,Bangalore,New Delhi,28,1707,Wonderful Services
879,1/23/2019,5,Mysore,Bangalore,50,3298,Dont even think about this in the next life
880,1/27/2019,11,Hassan,Hyderabad,39,1745,I should never buy this product
881,7/3/2019,1,Bangalore,Hyderabad,44,3379,Wonderful Services
882,11/17/2018,22,Bangalore,New Delhi,32,4237,Dont even think about this in the next life
883,10/1/2018,24,Bangalore,Trivandrum,37,4967,I should never buy this product
884,11/6/2018,13,Gulbarga,Mumbai,32,1170,Great Service
885,9/14/2019,20,Bellary,Chennai,26,4439,Great Service
886,11/6/2018,19,Bangalore,New Delhi,31,1115,Awesome Product
887,6/17/2019,22,Mysore,Hyderabad,39,1690,I should never buy this product
888,4/10/2019,8,Belgaum,Bangalore,47,1826,Wonderful Services
889,4/11/2019,9,Bangalore,Trivandrum,29,1714,I should never buy this product
890,9/5/2019,6,Bellary,Chennai,26,3803,Dont even think about this in the next life
891,7/29/2019,10,Bellary,Bangalore,48,1282,Awesome Product
892,8/11/2019,13,Mysore,Trivandrum,27,2097,I should never buy this product
893,6/22/2019,17,Belgaum,Hyderabad,17,2023,Awesome Product
894,3/22/2019,6,Belgaum,Hyderabad,10,1529,Dont even think about this in the next life
895,1/1/2019,7,Belgaum,Bangalore,16,2655,Wonderful Services
896,1/26/2019,18,Hassan,Bangalore,19,3399,Awesome Product
897,2/6/2019,19,Gulbarga,Chennai,43,4784,Dont even think about this in the next life
898,8/8/2019,19,Belgaum,Bangalore,38,2215,Great Service
899,1/24/2019,19,Bellary,Chennai,19,2071,Dont even think about this in the next life
900,1/12/2019,12,Gulbarga,Mumbai,45,3888,I should never buy this product
901,10/26/2018,21,Bangalore,Hyderabad,39,3610,Great Service
902,5/9/2019,24,Gulbarga,Chennai,30,1309,Dont even think about this in the next life
903,10/22/2018,16,Mysore,Hyderabad,20,3719,Wonderful Services
904,6/8/2019,24,Gulbarga,Mumbai,26,2737,Wonderful Services
905,8/27/2019,2,Gulbarga,Mumbai,15,2023,Great Service
906,9/21/2018,25,Mysore,Bangalore,38,3128,Dont even think about this in the next life
907,6/10/2019,22,Hassan,Mumbai,20,1932,I should never buy this product
908,2/15/2019,13,Bangalore,Chennai,31,3932,Great Service
909,10/3/2018,14,Mysore,Chennai,15,3499,Great Service
910,7/10/2019,8,Mysore,Bangalore,34,3553,Great Service
911,12/9/2018,12,Mysore,Hyderabad,10,3934,Dont even think about this in the next life
912,5/21/2019,25,Bangalore,Chennai,23,4194,Great Service
913,4/5/2019,13,Hassan,Hyderabad,46,4391,Great Service
914,3/18/2019,8,Gulbarga,Chennai,13,4111,Wonderful Services
915,7/6/2019,23,Hassan,Mumbai,47,1510,I should never buy this product
916,1/7/2019,16,Bangalore,Hyderabad,44,4649,Dont even think about this in the next life
917,7/12/2019,19,Gulbarga,Trivandrum,42,3403,I should never buy this product
918,1/22/2019,11,Belgaum,Bangalore,44,2658,I should never buy this product
919,12/21/2018,13,Bellary,Mumbai,18,4853,Great Service
920,4/29/2019,24,Mysore,Hyderabad,13,4543,Dont even think about this in the next life
921,1/4/2019,17,Hassan,Hyderabad,18,4242,Wonderful Services
922,2/8/2019,9,Bangalore,Chennai,26,4019,Great Service
923,7/5/2019,11,Bangalore,Mumbai,15,1656,Dont even think about this in the next life
924,2/6/2019,13,Bangalore,Hyderabad,27,3295,Great Service
925,1/12/2019,15,Belgaum,Bangalore,13,3270,Wonderful Services
926,9/13/2019,19,Bangalore,Hyderabad,39,4538,I should never buy this product
927,4/24/2019,9,Gulbarga,Bangalore,40,3072,Awesome Product
928,11/7/2018,5,Belgaum,Trivandrum,11,1365,I should never buy this product
929,6/9/2019,8,Bellary,Trivandrum,23,3320,Dont even think about this in the next life
930,5/25/2019,2,Mysore,Mumbai,26,1598,Awesome Product
931,2/19/2019,18,Hassan,New Delhi,29,4801,Dont even think about this in the next life
932,11/7/2018,16,Mysore,Bangalore,14,4514,I should never buy this product
933,2/20/2019,2,Hassan,Trivandrum,39,2352,Great Service
934,5/24/2019,10,Mysore,Bangalore,25,4610,Great Service
935,7/28/2019,8,Belgaum,Chennai,30,2827,I should never buy this product
936,7/28/2019,14,Bellary,Trivandrum,10,2535,Great Service
937,8/26/2019,13,Gulbarga,Hyderabad,17,3081,Great Service
938,4/2/2019,24,Bangalore,New Delhi,34,3646,Wonderful Services
939,3/29/2019,23,Belgaum,Bangalore,44,3213,I should never buy this product
940,5/25/2019,17,Belgaum,Trivandrum,24,4429,Dont even think about this in the next life
941,10/23/2018,17,Belgaum,Mumbai,14,3622,Awesome Product
942,1/3/2019,7,Hassan,Chennai,15,1011,I should never buy this product
943,1/31/2019,15,Bangalore,New Delhi,10,3525,I should never buy this product
944,3/5/2019,7,Bellary,Chennai,30,3927,Dont even think about this in the next life
945,12/9/2018,13,Belgaum,Bangalore,45,3374,I should never buy this product
946,5/8/2019,8,Bangalore,Hyderabad,16,3523,Wonderful Services
947,11/17/2018,12,Gulbarga,Trivandrum,36,4343,I should never buy this product
948,8/31/2019,23,Belgaum,Chennai,37,3654,Awesome Product
949,9/3/2019,14,Hassan,Hyderabad,48,2711,Dont even think about this in the next life
950,6/28/2019,5,Bellary,New Delhi,47,2189,I should never buy this product
951,1/6/2019,8,Bellary,Hyderabad,38,1092,Wonderful Services
952,7/4/2019,15,Hassan,Trivandrum,40,1749,Dont even think about this in the next life
953,9/25/2018,3,Belgaum,Mumbai,43,3856,Awesome Product
954,2/7/2019,16,Belgaum,Mumbai,45,3835,Great Service
955,7/19/2019,2,Gulbarga,Trivandrum,15,4309,Awesome Product
956,3/3/2019,17,Bellary,Bangalore,24,1430,Awesome Product
957,12/13/2018,12,Belgaum,New Delhi,10,1120,Wonderful Services
958,9/14/2019,24,Hassan,Chennai,15,1307,Dont even think about this in the next life
959,8/5/2019,14,Gulbarga,Bangalore,27,3990,Wonderful Services
960,2/20/2019,6,Gulbarga,Bangalore,30,4092,I should never buy this product
961,7/16/2019,9,Gulbarga,New Delhi,19,2118,Great Service
962,12/7/2018,10,Bellary,Hyderabad,45,3458,Awesome Product
963,7/22/2019,2,Mysore,New Delhi,30,4995,I should never buy this product
964,9/16/2019,17,Gulbarga,Bangalore,35,1352,Great Service
965,7/24/2019,9,Bangalore,Hyderabad,16,4008,Wonderful Services
966,12/22/2018,21,Gulbarga,Bangalore,33,2503,Awesome Product
967,12/15/2018,21,Bellary,Hyderabad,39,3553,Dont even think about this in the next life
968,12/5/2018,15,Gulbarga,Chennai,25,1783,Dont even think about this in the next life
969,11/29/2018,15,Belgaum,Hyderabad,19,2565,Awesome Product
970,12/20/2018,8,Hassan,Mumbai,41,3292,I should never buy this product
971,12/22/2018,18,Bellary,Trivandrum,49,2573,Dont even think about this in the next life
972,12/20/2018,10,Gulbarga,Chennai,29,3981,I should never buy this product
973,7/13/2019,3,Bangalore,New Delhi,42,1214,I should never buy this product
974,2/21/2019,24,Mysore,Mumbai,42,1807,Great Service
975,12/11/2018,16,Belgaum,Trivandrum,31,3301,Great Service
976,6/24/2019,23,Belgaum,Bangalore,47,2962,Great Service
977,7/28/2019,4,Bangalore,Mumbai,24,2645,Great Service
978,7/8/2019,11,Belgaum,Chennai,19,2088,Great Service
979,6/3/2019,14,Bellary,Chennai,12,1734,Great Service
980,8/6/2019,11,Gulbarga,New Delhi,43,2650,I should never buy this product
981,3/13/2019,7,Bangalore,Chennai,35,3396,Dont even think about this in the next life
982,2/28/2019,1,Bangalore,New Delhi,39,1213,Great Service
983,9/25/2018,5,Belgaum,New Delhi,16,3880,Wonderful Services
984,2/27/2019,7,Bellary,Trivandrum,16,1983,Awesome Product
985,9/15/2019,6,Mysore,New Delhi,33,2601,Dont even think about this in the next life
986,5/4/2019,25,Mysore,Chennai,44,2099,Wonderful Services
987,5/22/2019,13,Mysore,Bangalore,14,4256,Awesome Product
988,9/4/2019,24,Gulbarga,Chennai,30,4268,Great Service
989,7/17/2019,18,Bangalore,Bangalore,23,1242,Awesome Product
990,7/7/2019,17,Mysore,Trivandrum,34,3273,Wonderful Services
991,2/5/2019,12,Gulbarga,Chennai,21,4599,I should never buy this product
992,6/10/2019,22,Bangalore,New Delhi,45,4357,Great Service
993,1/8/2019,8,Bangalore,Trivandrum,25,2560,Dont even think about this in the next life
994,1/21/2019,20,Mysore,Bangalore,42,2087,Awesome Product
995,7/30/2019,4,Bangalore,New Delhi,39,3153,I should never buy this product
996,6/15/2019,8,Belgaum,Mumbai,40,3683,Dont even think about this in the next life
997,8/8/2019,4,Bellary,Hyderabad,47,4800,Dont even think about this in the next life
998,5/21/2019,6,Gulbarga,Hyderabad,47,4346,Awesome Product
999,11/21/2018,2,Gulbarga,Bangalore,30,1488,Great Service
1000,1/14/2019,6,Belgaum,Mumbai,17,2962,I should never buy this product
